{
    "romFileName": "CHANGE_ME",
    "romCore": "NULL",
    "romLaunchType": "NATIVE",
    "romTitle": "CHANGE_NAME",
    "romPlatform": "Evercade / VS",
    "romGenre": "Compilation",
    "romReleaseDate": "2023",
    "romPlayers": 2,
    "romDescription": "Folder",
    "romMapping": {
        "a": "NULL",
        "b": "NULL",
        "x": "NULL",
        "y": "NULL",
        "dpad": "NULL",
        "select": "NULL",
        "start": "NULL",
        "l1": "NULL",
        "l2": "NULL",
        "r1": "NULL",
        "r2": "NULL"
    }
}